"VOTER","NAME"
1,"F988B4BD@AutoGenerated"
2,"6970BC8E@AutoGenerated"
3,"6A3E54BD@AutoGenerated"
4,"C616D474@AutoGenerated"
5,"3DF8DD60@AutoGenerated"
6,"0DB140B6@AutoGenerated"
7,"366A8253@AutoGenerated"
8,"CF866C69@AutoGenerated"
9,"A9A4F4C7@AutoGenerated"
10,"B7CB7CCE@AutoGenerated"
11,"F0D33055@AutoGenerated"
12,"0A4C5F2E@AutoGenerated"
13,"50CFD56F@AutoGenerated"
14,"8AA17693@AutoGenerated"
15,"D00C5C6A@AutoGenerated"
16,"E7D1885C@AutoGenerated"
17,"C934D941@AutoGenerated"
18,"DDF924C3@AutoGenerated"
19,"E5B515F3@AutoGenerated"
20,"1572AA23@AutoGenerated"
21,"5C085A8C@AutoGenerated"
22,"1(1)"
23,"1(2)"
24,"1(3)"
25,"2(1)"
26,"3(1)"
27,"3(2)"
28,"freeonline(1)"
29,"freeonline(2)"
30,"freeonline(3)"
31,"freeonline(4)"
32,"freeonline(5)"
33,"freeonline(6)"
34,"freeonline(7)"
35,"freeonline(8)"
36,"freeonline(9)"
37,"freeonline(10)"
38,"freeonline(11)"
39,"freeonline(12)"